0	2	185	405	41	0	17	0	0
1	2	1365	405	41	0	17	0	0
2	1	734	405	41	0	17	0	0
3	2	258	405	41	0	17	0	0
4	1	1640	405	41	0	17	0	0
5	2	1736	405	41	0	17	0	0
6	1	1324	405	41	0	17	0	0
7	2	346	405	41	0	17	0	0
8	1	1676	405	41	0	17	0	0
9	1	450	405	41	0	17	0	0
10	2	1831	196	16	3	17	0	34
11	1	1154	405	41	0	17	0	0
12	2	798	405	41	0	17	0	0
13	1	1425	405	41	0	17	0	0
14	1	1801	405	41	0	17	0	0
15	1	1099	405	41	0	17	0	0
16	2	789	405	41	0	17	0	0
17	2	1586	405	41	0	17	0	0
18	1	481	405	41	0	17	0	0
19	2	1727	405	41	0	17	0	0
20	2	796	405	41	0	17	0	0
21	0	0	405	41	0	17	0	0
22	2	1130	405	41	0	17	0	0
23	2	1669	405	41	0	17	0	0
24	2	748	405	41	0	17	0	0
25	2	1599	81	16	9	17	18	45
26	2	269	405	41	0	17	0	0
27	1	82	405	41	0	17	0	0
28	1	1300	405	41	0	17	0	0
29	1	1386	167	37	6	17	46	56
30	1	1609	121	10	5	17	7	51
31	2	1317	405	41	0	17	0	0
32	2	5	405	41	0	17	0	0
33	2	1074	147	38	16	17	28	28
34	2	1193	243	38	9	17	25	34
35	2	663	172	37	14	18	48	27
36	2	821	304	0	15	17	23	22
37	2	993	76	38	8	17	25	20
38	2	888	61	37	13	17	38	62
39	2	1262	408	38	14	18	51	32
40	1	1384	56	38	10	18	38	19
41	2	1070	438	38	15	18	16	28
42	2	1810	112	11	11	17	14	39
43	2	1368	176	38	14	17	61	27
44	2	939	232	38	11	17	32	20
45	2	1239	238	34	10	18	36	41
46	1	1166	90	23	4	17	58	35
47	1	1822	405	41	0	17	0	0
48	1	761	405	41	0	17	0	0
49	1	381	405	41	0	17	0	0
50	2	425	15	19	14	17	15	9
51	2	1258	384	38	9	18	71	39
52	2	932	116	38	14	17	16	14
53	1	766	405	41	0	17	0	0
54	2	752	405	41	0	17	0	0
55	2	1214	241	38	10	17	0	36
56	2	1260	52	38	14	18	42	20
57	2	1395	246	0	16	18	50	18
58	2	1190	241	38	3	17	34	43
59	2	593	405	41	0	17	0	0
60	2	544	405	41	0	17	0	0
61	2	1400	237	38	15	18	60	46
62	2	1126	405	41	0	17	0	0
63	2	478	405	41	0	17	0	0
64	2	1502	358	38	13	18	63	38
65	1	667	405	41	0	17	0	0
66	2	1257	421	25	3	17	46	37
67	2	575	345	29	10	17	36	27
68	2	858	382	0	16	17	57	33
69	1	1241	355	38	8	17	31	13
70	1	1171	337	38	7	17	28	36
71	2	674	205	38	10	17	32	34
72	2	1399	232	38	3	18	20	18
73	2	1485	150	37	3	17	31	25
74	2	870	125	37	3	17	25	34
75	1	1011	409	5	10	17	9	34
76	3	448	405	41	0	17	0	0
77	1	961	418	38	6	17	10	31
78	2	665	405	41	0	17	0	0
79	2	1391	405	41	0	17	0	0
80	2	826	390	38	11	17	53	34
81	2	599	412	1	9	17	31	45
82	2	123	405	41	0	17	0	0
83	1	592	365	38	11	18	60	34
84	2	891	242	42	11	18	54	64
85	1	940	405	41	0	17	0	0
86	2	277	277	5	16	17	57	39
87	1	1499	320	37	8	17	39	26
88	2	1562	161	37	15	18	38	44
89	2	1051	405	41	0	17	0	0
90	1	212	405	41	0	17	0	0
91	1	36	405	41	0	17	0	0
92	1	868	387	37	9	18	42	16
93	2	1161	405	41	0	17	0	0
94	2	1578	171	37	15	9	16	11
95	1	1065	405	41	0	17	0	0
96	2	1263	232	38	3	18	42	21
97	2	1010	405	41	0	17	0	0
98	1	1251	124	9	3	17	14	36
99	1	897	418	38	6	17	0	31
100	1	353	260	38	4	17	21	29
101	2	1511	405	41	0	17	0	0
102	1	847	405	41	0	17	0	0
103	2	1247	193	37	13	17	36	39
104	2	151	405	41	0	17	0	0
105	2	689	189	38	16	17	25	33
106	1	1407	405	41	0	17	0	0
107	1	1486	405	41	0	17	0	0
108	2	1538	405	41	0	17	0	0
109	1	109	405	41	0	17	0	0
110	1	1392	405	41	0	17	0	0
111	2	985	232	38	9	17	36	18
112	1	120	113	38	9	17	25	69
113	2	579	405	41	0	17	0	0
114	2	1673	36	21	15	14	65	37
115	2	1083	405	41	0	17	0	0
116	2	1378	141	37	7	17	47	12
117	2	1021	374	37	10	17	36	13
118	2	1765	405	41	0	17	0	0
119	1	1495	405	41	0	17	0	0
120	2	1231	167	37	14	18	34	25
121	2	1078	405	41	0	17	0	0
122	2	1561	405	41	0	17	0	0
123	1	429	405	41	0	17	0	0
124	1	1738	405	41	0	17	0	0
125	2	1048	344	38	18	18	66	71
126	2	56	378	38	0	17	0	23
127	2	505	405	41	0	17	0	0
128	2	1750	405	41	0	17	0	0
129	1	264	405	41	0	17	0	0
130	2	176	405	41	0	17	0	0
131	1	388	405	41	0	17	0	0
132	1	607	272	38	3	17	63	25
133	2	407	136	37	12	17	18	24
134	2	1013	405	41	0	17	0	0
135	1	537	405	41	0	17	0	0
136	2	1628	405	41	0	17	0	0
137	2	1659	405	41	0	17	0	0
138	1	293	405	41	0	17	0	0
139	2	158	405	41	0	17	0	0
140	2	379	398	5	3	17	25	72
141	2	1188	350	38	12	17	35	33
142	2	920	213	34	3	17	25	32
143	2	1069	405	41	0	17	0	0
144	1	197	59	38	4	18	28	30
145	1	1657	405	41	0	17	0	0
146	2	500	308	38	14	18	10	62
147	1	69	405	41	0	17	0	0
148	1	1088	405	41	0	17	0	0
149	1	1117	405	41	0	17	0	0
150	2	1056	346	38	10	12	28	14
151	1	1398	405	41	0	17	0	0
152	2	508	193	37	3	17	0	15
153	2	722	118	17	15	18	13	18
154	1	692	227	5	6	17	28	23
155	1	1184	405	41	0	17	0	0
156	1	1763	405	41	0	17	0	0
157	2	983	306	38	16	0	64	33
158	2	1330	239	38	9	0	14	4
159	2	1505	413	38	16	18	38	22
160	1	1506	405	41	0	17	0	0
161	1	1410	199	18	5	17	44	20
162	2	871	185	26	16	18	28	41
163	2	909	43	38	17	18	53	29
164	1	1182	167	37	10	17	12	22
165	2	1574	405	41	0	17	0	0
166	1	1054	405	41	0	17	0	0
167	1	91	405	41	0	17	0	0
168	1	610	405	41	0	17	0	0
169	2	1849	93	38	14	18	67	45
170	1	361	405	41	0	17	0	0
171	2	636	298	12	15	17	34	35
172	2	1119	405	41	0	17	0	0
173	1	1617	405	41	0	17	0	0
174	1	1431	405	41	0	17	0	0
175	2	0	405	41	0	17	0	0
176	2	1582	405	41	0	17	0	0
177	2	473	405	41	0	17	0	0
178	1	817	405	41	0	17	0	0
179	1	1507	275	38	5	17	55	17
180	1	1764	75	38	8	17	36	31
181	2	1196	83	37	12	17	54	33
182	2	477	405	41	0	17	0	0
183	2	1308	405	41	0	17	0	0
184	2	1668	405	41	0	17	0	0
185	2	1500	167	37	11	17	35	24
186	1	370	362	37	6	17	32	33
187	1	393	405	41	0	17	0	0
188	2	1118	405	41	0	17	0	0
189	2	1322	405	41	0	17	0	0
190	1	567	405	41	0	17	0	0
191	2	1664	44	38	3	12	31	54
192	1	111	249	38	9	17	0	43
193	1	1044	96	38	6	17	18	7
194	1	423	296	38	8	17	36	37
195	2	913	23	38	12	18	37	31
196	1	1823	405	41	0	17	0	0
197	1	499	405	41	0	17	0	0
198	2	1246	405	41	0	17	0	0
199	1	437	209	38	6	17	23	42
200	2	1200	98	38	11	18	34	50
201	1	1144	405	41	0	17	0	0
202	0	31	405	41	0	17	0	0
203	2	658	289	5	14	17	12	19
204	2	1411	294	37	16	17	34	32
205	1	591	405	41	0	17	0	0
206	2	373	405	41	0	17	0	0
207	1	1180	405	41	0	17	0	0
208	2	1851	405	41	0	17	0	0
209	2	338	318	38	5	17	16	32
210	2	208	152	37	7	17	16	70
211	2	842	110	38	3	17	46	48
212	1	835	368	38	7	17	10	17
213	2	400	405	41	0	17	0	0
214	2	1666	405	41	0	17	0	0
215	2	643	405	41	0	17	0	0
216	1	1266	298	12	7	18	43	11
217	2	860	221	38	3	17	70	40
218	1	94	379	38	8	17	54	52
219	1	1289	405	41	0	17	0	0
220	1	44	405	41	0	17	0	0
221	1	1134	405	41	0	17	0	0
222	2	905	330	37	16	18	42	68
223	2	1686	405	41	0	17	0	0
224	1	126	232	38	3	8	23	17
225	2	1259	304	37	11	17	28	30
226	2	1699	338	37	11	7	16	65
227	2	1147	405	41	0	17	0	0
228	1	1321	405	41	0	17	0	0
229	2	1034	405	41	0	17	0	0
230	1	1629	405	41	0	17	0	0
231	2	869	405	41	0	17	0	0
232	2	885	423	38	19	17	40	43
233	2	1278	333	38	3	17	31	32
234	1	421	247	38	8	17	14	23
235	2	167	405	41	0	17	0	0
236	2	756	405	41	0	17	0	0
237	1	462	265	38	3	17	21	17
238	2	1556	29	38	13	5	9	23
239	2	1406	418	38	16	0	0	53
240	2	1028	371	38	11	17	46	50
241	2	1367	282	38	16	17	0	36
242	2	260	317	38	9	17	0	6
243	2	383	167	37	17	17	0	30
244	2	1603	153	16	0	17	0	38
245	2	851	353	5	9	18	58	38
246	2	934	56	38	11	0	58	40
247	2	1279	28	37	15	17	46	15
248	1	495	405	41	0	17	0	0
249	2	973	203	38	9	17	34	37
250	1	1749	227	37	10	17	0	33
251	1	902	58	38	10	18	34	47
252	2	182	369	38	17	17	36	57
253	1	944	96	38	4	17	23	43
254	2	1375	52	38	3	17	56	31
255	2	552	232	38	20	18	14	61
256	2	1169	285	37	3	18	24	54
257	2	1779	405	41	0	17	0	0
258	2	356	405	41	0	17	0	0
259	1	163	405	41	0	17	0	0
260	2	1131	405	41	0	17	0	0
261	1	1643	405	41	0	17	0	0
262	2	705	106	38	10	17	31	33
263	2	1114	405	41	0	17	0	0
264	2	1252	405	41	0	17	0	0
265	1	1268	17	38	9	17	60	37
266	2	419	109	38	14	17	0	34
267	1	706	405	41	0	17	0	0
268	1	1828	405	41	0	17	0	0
269	2	740	405	41	0	17	0	0
270	2	19	405	41	0	17	0	0
271	1	8	405	41	0	17	0	0
272	2	455	405	41	0	17	0	0
273	1	598	334	38	6	17	36	24
274	2	460	226	38	3	17	25	38
275	1	928	382	0	10	17	24	29
276	1	1521	405	41	0	17	0	0
277	1	746	405	41	0	17	0	0
278	1	693	246	0	10	18	45	32
279	1	1405	82	40	6	17	41	18
280	1	1439	405	41	0	17	0	0
281	2	188	133	38	3	17	14	30
282	2	1043	144	37	9	17	25	22
283	1	1377	103	38	9	17	41	38
284	2	1413	262	38	15	17	0	33
285	2	1176	405	41	0	17	0	0
286	1	887	405	41	0	17	0	0
287	1	1313	405	41	0	17	0	0
288	2	1588	405	41	0	17	0	0
289	1	1397	41	32	11	17	56	26
290	2	1638	405	41	0	17	0	0
291	1	889	275	38	3	18	14	5
292	2	1240	405	41	0	17	0	0
293	2	864	160	37	15	18	28	41
294	2	175	85	38	14	17	11	32
295	2	1844	405	41	0	17	0	0
296	1	1022	405	41	0	17	0	0
297	2	1390	262	38	15	0	62	47
298	2	862	79	38	11	17	13	47
299	1	1122	405	41	0	17	0	0
300	2	1788	405	41	0	17	0	0
301	2	819	405	41	0	17	0	0
302	2	1492	275	38	11	18	70	58
303	2	1388	241	38	9	18	48	61
304	2	1769	405	41	0	17	0	0
305	1	300	405	41	0	17	0	0
306	1	1033	405	41	0	17	0	0
307	2	1610	405	41	0	17	0	0
308	2	841	232	38	15	17	46	52
309	1	419	232	38	4	17	7	2
310	1	1000	177	38	3	17	60	34
311	2	1796	338	37	14	17	12	37
312	2	110	405	41	0	17	0	0
313	1	942	405	41	0	17	0	0
314	1	1080	405	41	0	17	0	0
315	2	369	357	33	3	17	28	29
316	1	1304	405	41	0	17	0	0
317	2	1656	405	41	0	17	0	0
318	1	1096	405	41	0	17	0	0
319	1	584	405	41	0	17	0	0
320	2	282	405	41	0	17	0	0
321	2	654	47	38	12	17	16	30
322	2	468	207	10	16	17	31	37
323	1	952	133	38	5	17	37	41
324	1	970	364	38	10	18	18	10
325	2	465	275	38	16	18	18	7
326	2	1493	409	5	16	17	53	25
327	1	1229	405	41	0	17	0	0
328	2	930	426	37	16	17	31	20
329	1	1403	326	37	9	18	42	18
330	2	1167	375	38	3	17	16	28
331	2	823	405	41	0	17	0	0
332	1	1280	232	38	8	18	48	26
333	2	595	86	38	14	18	28	48
334	2	948	405	41	0	17	0	0
335	2	594	405	41	0	17	0	0
336	1	144	405	41	0	17	0	0
337	2	526	45	37	9	17	17	15
338	2	103	405	41	0	17	0	0
339	1	1389	405	41	0	17	0	0
340	2	1202	165	37	16	17	31	29
341	2	25	405	41	0	17	0	0
342	1	1230	105	38	7	17	16	25
343	1	1194	405	41	0	17	0	0
344	2	1504	210	38	17	18	18	21
345	2	945	272	38	12	17	14	23
346	1	1209	410	19	6	18	38	27
347	2	1237	259	38	11	18	42	30
348	2	903	5	37	8	17	25	30
349	2	1800	366	38	3	18	46	42
350	1	1232	348	38	9	18	60	43
351	2	1182	85	38	14	18	63	59
352	2	829	405	41	0	17	0	0
353	1	1824	405	41	0	17	0	0
354	2	947	173	38	19	16	72	29
355	2	514	406	20	15	17	34	42
356	2	1488	114	38	10	17	64	30
357	1	969	26	0	8	17	23	22
358	2	1040	93	38	11	18	42	39
359	2	424	405	41	0	17	0	0
360	1	723	250	38	10	18	14	42
361	2	1447	405	41	0	17	0	0
362	2	143	405	41	0	17	0	0
363	2	1731	405	41	0	17	0	0
364	2	931	405	41	0	17	0	0
365	1	838	405	41	0	17	0	0
366	2	315	47	38	9	17	0	37
367	2	1208	372	38	16	17	35	49
368	2	2	405	41	0	17	0	0
369	2	624	149	37	12	17	0	31
370	2	482	178	37	10	17	0	29
371	2	463	274	38	16	18	11	26
372	2	1385	51	8	8	17	0	37
373	2	1255	105	38	12	17	40	33
374	2	668	280	38	14	17	13	28
375	1	1058	89	38	9	17	16	28
376	1	1402	405	41	0	17	0	0
377	2	682	132	38	11	18	25	26
378	2	1121	405	41	0	17	0	0
379	1	118	405	41	0	17	0	0
380	2	368	405	41	0	17	0	0
381	2	428	135	38	20	17	16	44
382	2	711	405	41	0	17	0	0
383	1	1409	298	12	9	17	14	21
384	2	987	354	38	3	17	16	49
385	1	498	405	41	0	17	0	0
386	2	1372	13	38	11	17	34	46
387	2	545	405	41	0	17	0	0
388	2	1067	102	38	15	18	42	21
389	2	13	405	41	0	17	0	0
390	2	308	405	41	0	17	0	0
391	1	470	405	41	0	17	0	0
392	2	1107	405	41	0	17	0	0
393	2	1002	99	2	15	17	18	37
394	2	1253	232	38	14	18	31	21
395	1	938	341	38	7	17	28	23
396	1	850	176	38	5	17	11	39
397	2	1767	228	38	14	18	28	37
398	2	0	405	41	0	17	0	0
399	2	1016	181	38	14	17	31	47
400	1	835	97	38	7	17	0	20
401	2	1254	405	41	0	17	0	0
402	2	1234	291	38	3	18	53	38
403	1	710	151	37	4	17	38	35
404	3	1613	405	41	0	17	0	0
405	1	328	405	41	0	17	0	0
406	2	1218	73	17	3	18	42	25
407	2	1178	118	17	15	18	10	46
408	1	227	214	38	9	17	3	11
409	2	1579	91	38	3	17	0	39
410	1	836	405	41	0	17	0	0
411	2	440	56	38	3	17	22	28
412	1	65	405	41	0	17	0	0
413	2	686	405	41	0	17	0	0
414	1	1715	405	41	0	17	0	0
415	1	1173	232	38	6	17	9	3
416	2	405	244	38	3	18	38	43
417	1	908	405	41	0	17	0	0
418	2	1071	342	38	16	18	42	71
419	1	600	350	38	3	18	36	50
420	2	880	95	30	14	17	14	19
421	2	58	405	41	0	17	0	0
422	2	739	405	41	0	17	0	0
423	2	1329	340	38	14	17	3	19
424	2	561	240	38	10	18	14	33
425	2	90	396	0	3	17	34	50
426	1	416	405	41	0	17	0	0
427	2	1663	405	41	0	17	0	0
428	1	1	405	41	0	17	0	0
429	1	742	405	41	0	17	0	0
430	1	589	405	41	0	17	0	0
431	1	1050	405	41	0	17	0	0
432	1	1097	405	41	0	17	0	0
433	2	1371	373	38	16	17	28	23
434	2	1671	247	38	16	0	60	64
435	2	1522	405	41	0	17	0	0
436	2	618	286	38	14	18	41	60
437	1	1172	436	38	9	17	23	25
438	3	1350	405	41	0	17	0	0
439	1	1359	405	41	0	17	0	0
440	2	1646	405	41	0	17	0	0
441	2	1100	405	41	0	17	0	0
442	1	179	276	38	3	17	40	31
443	1	334	405	41	0	17	0	0
444	2	252	405	41	0	17	0	0
445	2	1219	195	37	16	17	15	38
446	1	298	264	14	10	17	24	27
447	1	1030	405	41	0	17	0	0
448	1	3	405	41	0	17	0	0
449	1	629	392	38	6	17	36	24
450	1	406	57	30	3	17	14	39
451	2	1347	405	41	0	17	0	0
452	1	1211	181	38	10	18	42	29
453	1	285	405	41	0	17	0	0
454	2	975	405	41	0	17	0	0
455	1	1145	405	41	0	17	0	0
456	2	149	405	41	0	17	0	0
457	2	1427	405	41	0	17	0	0
458	2	990	405	41	0	17	0	0
459	1	1589	405	41	0	17	0	0
460	2	366	392	38	3	0	0	33
461	2	307	405	41	0	17	0	0
462	2	626	372	38	15	17	34	30
463	2	453	405	41	0	17	0	0
464	2	1674	405	41	0	17	0	0
465	2	399	227	37	16	11	14	48
466	2	1170	186	43	14	18	60	46
467	1	915	313	38	8	17	58	20
468	2	644	230	38	16	17	31	40
469	2	1162	306	38	15	17	46	26
470	1	344	275	38	7	17	24	20
471	2	288	308	38	14	19	25	24
472	2	14	405	41	0	17	0	0
473	1	14	405	41	0	17	0	0
474	1	1023	361	38	8	18	17	12
475	2	166	405	41	0	17	0	0
476	2	1236	204	5	3	17	16	20
477	1	479	233	38	11	17	54	11
478	2	972	404	38	9	17	25	9
479	2	1680	405	41	0	17	0	0
480	2	44	405	41	0	17	0	0
481	1	943	275	38	9	17	18	20
482	1	116	405	41	0	17	0	0
483	1	1270	309	38	6	17	36	27
484	2	1433	405	41	0	17	0	0
485	2	1207	232	38	11	17	28	15
486	0	76	405	41	0	17	0	0
487	2	1032	261	38	1	17	28	32
488	1	562	272	38	7	17	9	42
489	2	1370	275	38	11	17	67	55
490	2	1426	405	41	0	17	0	0
491	1	1297	405	41	0	17	0	0
492	1	652	405	41	0	17	0	0
493	1	1287	405	41	0	17	0	0
494	2	974	405	41	0	17	0	0
495	2	1700	405	41	0	17	0	0
496	2	452	376	36	3	17	22	41
497	2	1223	405	41	0	17	0	0
498	1	274	405	41	0	17	0	0
499	2	200	437	0	15	17	12	32
500	2	1756	405	41	0	17	0	0
501	2	1101	405	41	0	17	0	0
502	2	576	227	37	14	17	14	39
503	2	15	405	41	0	17	0	0
504	2	951	432	38	15	18	57	51
505	2	138	405	41	0	17	0	0
506	2	1526	405	41	0	17	0	0
507	2	1575	405	41	0	17	0	0
508	1	1418	405	41	0	17	0	0
509	2	968	66	37	3	17	14	9
510	1	953	139	38	6	17	18	25
511	2	1198	219	37	3	17	39	29
512	2	955	339	37	14	17	16	31
513	2	1006	405	41	0	17	0	0
514	2	164	25	37	18	17	52	49
515	1	574	92	38	11	17	14	18
516	1	1494	405	41	0	17	0	0
517	2	1290	405	41	0	17	0	0
518	2	1185	350	38	10	17	41	26
519	2	389	405	41	0	17	0	0
520	1	165	405	41	0	17	0	0
521	2	46	405	41	0	17	0	0
522	2	1496	115	17	11	17	25	25
523	2	1470	405	41	0	17	0	0
524	1	506	275	38	9	17	34	36
525	2	1077	405	41	0	17	0	0
526	1	1722	405	41	0	17	0	0
527	1	1709	444	37	3	17	35	67
528	2	216	252	37	3	17	0	36
529	1	1358	405	41	0	17	0	0
530	2	1268	405	41	0	17	0	0
531	1	833	405	41	0	17	0	0
532	1	318	405	41	0	17	0	0
533	1	1143	405	41	0	17	0	0
534	2	1323	405	41	0	17	0	0
535	2	1396	270	37	10	18	34	43
536	1	666	321	37	8	18	18	41
537	2	979	118	17	11	17	14	24
538	1	883	293	37	10	17	36	42
539	1	857	405	41	0	17	0	0
540	2	984	275	38	9	17	18	18
541	1	558	397	38	10	17	40	43
542	2	637	405	41	0	17	0	0
543	2	933	52	38	14	17	63	32
544	2	378	131	38	11	18	28	34
545	1	1015	405	41	0	17	0	0
546	2	717	89	37	11	17	7	21
547	2	323	167	37	15	18	23	55
548	2	311	405	41	0	17	0	0
549	1	196	405	41	0	17	0	0
550	2	1832	319	38	15	17	0	44
551	2	1072	253	38	11	17	40	40
552	1	825	405	41	0	17	0	0
553	1	327	405	41	0	17	0	0
554	1	337	405	41	0	17	0	0
555	1	962	227	37	8	17	9	19
556	2	1250	303	38	11	18	69	45
557	1	394	381	37	9	18	53	32
558	1	662	405	41	0	17	0	0
559	2	853	43	38	11	18	25	23
560	1	547	405	41	0	17	0	0
561	2	1794	85	38	16	17	0	36
562	1	486	34	38	9	17	0	31
563	2	696	405	41	0	17	0	0
564	2	704	405	41	0	17	0	0
565	2	152	405	41	0	17	0	0
566	2	1199	405	41	0	17	0	0
567	2	1798	20	38	3	17	28	27
568	3	912	405	41	0	17	0	0
569	2	924	343	38	11	17	40	70
570	1	1008	317	38	4	18	25	16
571	1	622	385	38	6	17	15	15
572	2	609	278	37	3	17	23	32
573	2	1754	32	38	17	18	11	63
574	2	26	405	41	0	17	0	0
575	1	24	405	41	0	17	0	0
576	1	977	395	38	11	17	28	23
577	2	1572	405	41	0	17	0	0
578	2	1047	332	37	10	18	24	37
579	1	1276	386	38	10	17	16	5
580	1	1164	405	41	0	17	0	0
581	1	193	405	41	0	17	0	0
582	2	171	405	41	0	17	0	0
583	2	1830	405	41	0	17	0	0
584	1	524	405	41	0	17	0	0
585	1	664	405	41	0	17	0	0
586	2	281	405	41	0	17	0	0
587	2	1019	405	41	0	17	0	0
588	1	1571	405	41	0	17	0	0
589	1	466	405	41	0	17	0	0
590	2	278	296	38	3	17	31	23
591	1	186	383	38	6	17	0	30
592	1	638	184	38	3	17	34	21
593	1	1084	275	38	10	17	0	15
594	2	1601	405	41	0	17	0	0
595	2	1227	176	38	3	18	34	45
596	1	1513	46	38	11	17	28	30
597	1	1777	405	41	0	18	21	46
598	2	1843	275	38	3	17	9	23
599	1	996	232	38	7	18	28	21
600	2	719	405	41	0	17	0	0
601	2	655	176	38	8	17	21	20
602	2	764	405	41	0	17	0	0
603	1	1381	241	38	3	18	38	52
604	2	1076	405	41	0	17	0	0
605	1	1046	405	41	0	17	0	0
606	1	1332	405	41	0	17	0	0
607	1	44	405	41	0	17	0	0
608	2	1821	194	38	17	17	54	34
609	1	822	235	38	11	17	28	24
610	1	53	405	41	0	17	0	0
611	2	1691	292	37	11	17	12	25
612	2	1422	405	41	0	17	0	0
613	2	398	405	41	0	17	0	0
614	1	1275	405	41	0	17	0	0
615	2	1187	2	38	3	17	59	34
616	2	187	30	37	10	17	10	44
617	1	827	119	37	4	17	10	25
618	2	1786	189	38	17	17	7	41
619	1	1558	405	41	0	17	0	0
620	2	426	405	41	0	17	0	0
621	2	536	37	37	11	17	38	41
622	2	310	372	38	15	18	32	54
623	1	127	405	41	0	17	0	0
624	2	441	257	38	18	17	24	29
625	1	856	241	38	7	17	32	22
626	2	1760	405	41	0	17	0	0
627	1	382	405	41	0	17	0	0
628	1	999	143	38	7	17	46	44
629	2	464	344	38	3	17	14	52
630	1	760	405	41	0	17	0	0
631	1	1249	405	41	0	17	0	0
632	2	950	405	41	0	17	0	0
633	2	1007	405	41	0	17	0	0
634	1	1665	405	41	0	17	0	0
635	1	89	405	41	0	17	0	0
636	0	14	405	41	0	17	0	0
637	2	886	405	41	0	17	0	0
638	1	308	405	41	0	17	0	0
639	1	1379	87	19	9	17	35	37
640	1	1212	312	38	9	17	28	19
641	2	232	405	41	0	17	0	0
642	2	1497	405	41	0	17	0	0
643	2	418	190	25	15	17	10	35
644	2	304	405	41	0	17	0	0
645	2	255	405	41	0	17	0	0
646	2	494	405	41	0	17	0	0
647	1	85	405	41	0	17	0	0
648	1	1269	405	41	0	17	0	0
649	2	1677	218	31	11	17	16	12
650	2	1850	174	38	8	17	0	32
651	2	251	232	38	7	17	46	64
652	1	625	232	38	8	17	16	8
653	2	515	405	41	0	17	0	0
654	2	1342	405	41	0	17	0	0
655	2	802	405	41	0	17	0	0
656	2	85	405	41	0	17	0	0
657	0	0	405	41	0	17	0	0
658	2	542	54	5	11	17	25	13
659	2	326	271	38	11	17	28	34
660	1	926	405	41	0	17	0	0
661	1	1004	405	41	0	17	0	0
662	2	88	405	41	0	17	0	0
663	2	225	398	5	16	17	0	31
664	2	914	430	38	9	18	36	32
665	2	1432	405	41	0	17	0	0
666	1	1271	361	38	6	17	63	32
667	1	675	405	41	0	17	0	0
668	2	218	405	41	0	17	0	0
669	0	55	405	41	0	17	0	0
670	1	487	405	41	0	17	0	0
671	1	1847	324	38	7	17	0	1
672	2	1649	275	38	3	17	0	32
673	1	372	14	37	2	17	16	45
674	2	1515	405	41	0	17	0	0
675	2	1265	232	38	3	18	28	42
676	1	1466	405	41	0	17	0	0
677	1	779	405	41	0	17	0	0
678	2	86	405	41	0	17	0	0
679	2	769	405	41	0	17	0	0
680	1	559	405	41	0	17	0	0
681	1	1086	405	41	0	17	0	0
682	2	1020	175	37	3	18	23	11
683	1	1549	405	41	0	17	0	0
684	2	432	418	38	3	17	14	36
685	1	1570	49	38	4	17	9	29
686	2	1098	405	41	0	17	0	0
687	2	874	101	37	15	17	23	53
688	1	994	232	38	5	17	46	39
689	2	597	420	38	3	17	12	23
690	2	555	405	41	0	17	0	0
691	2	1401	276	38	14	18	21	47
692	1	1195	281	38	7	17	18	34
693	1	101	405	41	0	17	0	0
694	1	1203	56	38	6	17	28	37
695	2	884	353	37	10	17	38	58
696	2	670	225	37	13	17	18	38
697	2	488	405	41	0	17	0	0
698	1	1248	405	41	0	17	0	0
699	2	275	267	38	11	18	67	64
700	2	1235	56	38	11	18	68	35
701	1	100	405	41	0	17	0	0
702	2	10	405	41	0	17	0	0
703	2	1015	104	38	3	18	23	33
704	2	422	275	38	9	18	58	36
705	1	527	68	38	7	17	0	28
706	2	551	405	41	0	17	0	0
707	2	102	409	5	13	18	42	19
708	2	541	405	41	0	17	0	0
709	2	386	405	41	0	17	0	0
710	1	653	227	37	10	17	12	30
711	2	1762	108	38	15	17	14	54
712	2	18	405	41	0	17	0	0
713	2	1833	405	41	0	17	0	0
714	1	893	405	41	0	17	0	0
715	1	1217	405	41	0	17	0	0
716	2	342	405	41	0	17	0	0
717	1	755	405	41	0	17	0	0
718	2	345	232	38	3	1	28	31
719	2	1160	70	37	13	17	34	24
720	1	146	405	41	0	17	0	0
721	1	528	405	41	0	17	0	0
722	2	1813	405	41	0	17	0	0
723	2	875	246	0	16	17	35	33
724	2	60	405	41	0	17	0	0
725	1	1038	405	41	0	17	0	0
726	2	572	405	41	0	17	0	0
727	2	793	405	41	0	17	0	0
728	1	564	154	38	9	17	24	33
729	2	1221	405	41	0	17	0	0
730	1	198	405	41	0	17	0	0
731	1	16	405	41	0	17	0	0
732	2	451	405	41	0	17	0	0
733	2	1536	405	41	0	17	0	0
734	2	1315	405	41	0	17	0	0
735	2	44	405	41	0	17	0	0
736	2	859	405	41	0	17	0	0
737	2	1616	405	41	0	17	0	0
738	2	715	62	37	3	17	10	28
739	2	1354	405	41	0	17	0	0
740	2	97	405	41	0	17	0	0
741	2	606	350	38	12	18	58	65
742	2	1829	428	38	15	17	40	40
743	2	403	405	41	0	17	0	0
744	2	84	405	41	0	17	0	0
745	2	701	296	38	9	18	16	16
746	1	1759	405	41	0	17	0	0
747	2	1595	405	41	0	17	0	0
748	2	772	405	41	0	17	0	0
749	2	1003	169	37	17	17	36	30
750	1	1476	405	41	0	17	0	0
751	2	454	405	41	0	17	0	0
752	2	1541	405	41	0	17	0	0
753	1	374	405	41	0	17	0	0
754	2	1210	74	37	14	18	14	52
755	2	235	405	41	0	17	0	0
756	1	261	405	41	0	17	0	0
757	2	1325	405	41	0	17	0	0
758	2	74	405	41	0	17	0	0
759	1	457	405	41	0	17	0	0
760	2	522	366	38	3	13	25	26
761	2	1717	31	38	16	17	0	33
762	1	92	310	38	4	18	0	31
763	2	1272	409	5	14	17	18	20
764	1	322	232	38	6	18	14	19
765	2	727	56	38	11	17	32	44
766	2	501	122	37	16	18	64	71
767	2	38	405	41	0	17	0	0
768	2	1244	405	41	0	17	0	0
769	1	5	405	41	0	17	0	0
770	0	11	405	41	0	17	0	0
771	2	585	442	38	3	17	25	41
772	2	1115	405	41	0	17	0	0
773	1	240	405	41	0	17	0	0
774	2	493	405	41	0	17	0	0
775	2	1471	405	41	0	17	0	0
776	2	1376	301	38	12	17	40	32
777	2	517	268	38	12	18	64	57
778	1	1667	405	41	0	17	0	0
779	1	1063	405	41	0	17	0	0
780	1	816	343	38	10	18	51	29
781	1	1472	405	41	0	17	0	0
782	2	540	165	37	3	17	11	44
783	2	1563	405	41	0	17	0	0
784	1	184	298	12	8	18	25	37
785	1	1783	405	41	0	17	0	0
786	2	206	405	41	0	17	0	0
787	1	1729	350	38	9	18	9	18
788	1	107	275	38	11	17	25	39
789	1	1408	405	41	0	17	0	0
790	2	661	405	41	0	17	0	0
791	1	1584	405	41	0	17	0	0
792	2	256	405	41	0	17	0	0
793	1	1165	405	41	0	17	0	0
794	2	1336	405	41	0	17	0	0
795	1	1129	405	41	0	17	0	0
796	2	159	405	41	0	17	0	0
797	2	1627	405	41	0	17	0	0
798	2	721	221	38	17	17	14	27
799	1	259	405	41	0	17	0	0
800	1	1383	426	37	8	17	33	31
801	1	1215	405	41	0	17	0	0
802	1	805	405	41	0	17	0	0
803	2	1220	22	38	14	17	31	40
804	2	1012	405	41	0	17	0	0
805	2	611	275	38	14	0	28	42
806	1	907	246	0	4	17	14	13
807	2	1366	405	41	0	17	0	0
808	2	1635	445	38	9	18	38	53
809	2	297	405	41	0	17	0	0
810	1	758	405	41	0	17	0	0
811	2	1544	405	41	0	17	0	0
812	1	1039	227	37	13	17	16	41
813	1	1503	8	38	4	15	18	16
814	1	1310	405	41	0	17	0	0
815	2	211	405	41	0	17	0	0
816	2	1353	405	41	0	17	0	0
817	1	485	336	4	3	17	25	34
818	2	268	222	37	16	17	11	52
819	1	507	405	41	0	17	0	0
820	2	1460	405	41	0	17	0	0
821	1	469	144	37	4	17	14	25
822	2	449	10	37	14	18	0	59
823	2	1781	279	5	14	17	16	45
824	2	44	308	38	0	17	0	68
825	1	49	405	41	0	17	0	0
826	2	431	405	41	0	17	0	0
827	2	1369	405	41	0	17	0	0
828	1	929	164	37	7	17	28	12
829	2	1327	405	41	0	17	0	0
830	2	578	40	38	3	17	28	30
831	2	1799	85	38	11	18	43	44
832	1	1537	232	38	9	18	43	51
833	2	1661	405	41	0	17	0	0
834	2	257	246	0	17	17	30	11
835	1	37	405	41	0	17	0	0
836	2	660	258	37	3	18	40	61
837	2	1741	1	0	15	17	0	5
838	2	1175	347	38	14	17	44	55
839	2	787	405	41	0	17	0	0
840	1	803	405	41	0	17	0	0
841	2	1675	405	41	0	17	0	0
842	2	946	303	38	9	17	28	41
843	1	582	405	41	0	17	0	0
844	1	309	405	41	0	17	0	0
845	2	1055	405	41	0	17	0	0
846	2	1141	405	41	0	17	0	0
847	1	392	405	41	0	17	0	0
848	2	1748	405	41	0	17	0	0
849	1	1490	405	41	0	17	0	0
850	2	532	123	5	6	18	39	40
851	1	133	232	38	5	17	0	32
852	2	867	256	38	19	17	40	31
853	1	1758	405	41	0	17	0	0
854	2	1123	405	41	0	17	0	0
855	1	1089	405	41	0	17	0	0
856	1	1301	405	41	0	17	0	0
857	2	1305	405	41	0	17	0	0
858	2	603	405	41	0	17	0	0
859	2	648	138	38	14	18	28	46
860	2	376	19	38	16	17	35	46
861	1	244	275	38	9	18	16	37
862	2	1416	405	41	0	17	0	0
863	2	1079	405	41	0	17	0	0
864	1	44	405	41	0	17	0	0
865	1	27	405	41	0	17	0	0
866	2	299	405	41	0	17	0	0
867	2	895	405	41	0	17	0	0
868	2	1829	275	38	14	17	15	15
869	1	1802	275	38	3	17	11	22
870	1	1745	405	41	0	17	0	0
871	1	1274	405	41	0	17	0	0
872	1	1146	405	41	0	17	0	0
873	1	1286	405	41	0	17	0	0
874	1	921	250	38	8	17	25	27
875	2	1419	405	41	0	17	0	0
876	2	145	247	38	15	17	0	20
877	1	959	405	41	0	17	0	0
878	2	588	146	38	3	17	0	4
879	2	147	429	37	15	17	18	53
880	1	359	405	41	0	17	0	0
881	2	61	405	41	0	17	0	0
882	1	44	405	41	0	17	0	0
883	1	234	405	41	0	17	0	0
884	2	1140	405	41	0	17	0	0
885	1	189	407	38	6	17	0	31
886	2	1420	405	41	0	17	0	0
887	1	518	187	37	7	17	25	67
888	2	849	405	41	0	17	0	0
889	1	199	370	38	8	17	27	35
890	2	775	405	41	0	17	0	0
891	1	616	202	38	6	17	31	21
892	1	305	405	41	0	17	0	0
893	2	725	405	41	0	17	0	0
894	1	318	405	41	0	17	0	0
895	1	414	405	41	0	17	0	0
896	1	1049	134	37	9	17	28	28
897	2	1631	405	41	0	17	0	0
898	1	954	415	37	9	17	31	66
899	2	1224	117	17	15	4	58	48
900	2	1576	411	15	10	17	67	47
901	1	550	405	41	0	17	0	0
902	1	554	232	38	11	17	53	29
903	1	995	232	38	9	18	28	20
904	2	1608	405	41	0	17	0	0
905	2	688	85	38	9	18	36	50
906	2	287	180	38	3	18	35	46
907	2	529	405	41	0	17	0	0
908	1	1256	275	38	11	17	36	24
909	1	749	405	41	0	17	0	0
910	1	966	405	41	0	17	0	0
911	2	1225	292	37	14	18	10	17
912	2	1630	6	38	11	17	10	42
913	0	67	405	41	0	17	0	0
914	0	0	405	41	0	17	0	0
915	1	587	405	41	0	17	0	0
916	2	237	405	41	0	17	0	0
917	2	523	275	38	14	17	0	29
918	2	1351	302	38	3	17	0	38
919	1	1782	405	41	0	17	0	0
920	2	1510	405	41	0	17	0	0
921	1	1545	177	38	11	17	22	34
922	1	137	405	41	0	17	0	0
923	2	77	405	41	0	17	0	0
924	2	1415	405	41	0	17	0	0
925	2	155	405	41	0	17	0	0
926	2	621	405	41	0	17	0	0
927	1	161	405	41	0	17	0	0
928	2	1785	405	41	0	17	0	0
929	1	1191	405	41	0	17	0	0
930	2	459	427	37	19	17	0	62
931	2	331	446	38	10	17	16	49
932	1	1095	405	41	0	17	0	0
933	2	1075	56	38	9	17	36	62
934	2	794	405	41	0	17	0	0
935	2	362	405	41	0	17	0	0
936	2	1186	405	41	0	17	0	0
937	1	1001	405	41	0	17	0	0
938	2	1189	418	38	16	18	0	32
939	1	917	405	41	0	17	0	0
940	1	617	405	41	0	17	0	0
941	2	976	405	41	0	17	0	0
942	1	245	356	38	7	17	16	19
943	1	684	33	12	5	17	25	25
944	2	1787	405	41	0	17	0	0
945	1	730	405	41	0	17	0	0
946	2	88	60	37	18	17	25	42
947	2	992	405	41	0	17	0	0
948	1	224	232	38	7	17	9	32
949	2	937	11	38	3	0	0	36
950	2	1737	0	38	16	17	16	35
951	2	765	405	41	0	17	0	0
952	2	738	405	41	0	17	0	0
953	2	1836	405	41	0	17	0	0
954	2	1705	405	41	0	17	0	0
955	1	160	405	41	0	17	0	0
956	2	397	405	41	0	17	0	0
957	2	949	64	17	14	17	25	61
958	1	1057	88	38	7	0	44	35
959	2	63	405	41	0	17	0	0
960	2	59	405	41	0	17	0	0
961	1	1014	405	41	0	17	0	0
962	1	1553	405	41	0	17	0	0
963	1	1404	192	22	6	17	34	39
964	2	1607	405	41	0	17	0	0
965	1	795	405	41	0	17	0	0
966	1	156	405	41	0	17	0	0
967	1	681	300	38	4	18	37	55
968	1	329	405	41	0	17	0	0
969	2	129	405	41	0	17	0	0
970	2	1535	405	41	0	17	0	0
971	1	1168	103	38	6	18	49	26
972	2	1602	405	41	0	17	0	0
973	2	1632	405	41	0	17	0	0
974	1	753	405	41	0	17	0	0
975	0	44	405	41	0	17	0	0
976	1	1718	405	41	0	17	0	0
977	1	404	227	37	10	17	10	25
978	0	44	405	41	0	17	0	0
979	1	72	405	41	0	17	0	0
980	2	1636	405	41	0	17	0	0
981	2	1769	275	38	3	18	0	53
982	2	1328	200	38	10	18	7	30
983	2	9	405	41	0	17	0	0
984	2	763	405	41	0	17	0	0
985	0	31	405	41	0	17	0	0
986	2	1031	275	38	8	17	6	12
987	1	0	405	41	0	17	0	0
988	2	1183	293	37	10	18	46	35
989	2	531	405	41	0	17	0	0
990	1	1181	232	38	9	17	16	26
991	1	432	405	41	0	17	0	0
992	2	1291	405	41	0	17	0	0
993	2	759	405	41	0	17	0	0
994	2	1094	405	41	0	17	0	0
995	1	866	247	38	5	18	25	53
996	1	1475	405	41	0	17	0	0
997	0	39	405	41	0	17	0	0
998	2	1053	269	38	10	17	31	27
999	2	1528	405	41	0	17	0	0
1000	2	1333	405	41	0	17	0	0
1001	2	1510	405	41	0	17	0	0
1002	2	757	405	41	0	17	0	0
1003	1	577	298	12	8	17	34	26
1004	2	534	344	38	17	18	34	34
1005	2	1597	245	35	16	18	10	44
1006	2	233	275	38	3	17	0	11
1007	2	1462	405	41	0	17	0	0
1008	2	270	405	41	0	17	0	0
1009	1	1634	405	41	0	17	0	0
1010	2	1197	35	7	8	17	60	38
1011	1	1045	232	38	8	17	36	37
1012	2	753	405	41	0	17	0	0
1013	1	1540	405	41	0	17	0	0
1014	2	31	405	41	0	17	0	0
1015	2	1292	405	41	0	17	0	0
1016	2	843	421	25	15	17	25	29
1017	1	1784	275	38	5	17	7	15
1018	1	512	263	27	5	17	54	25
1019	1	1698	405	41	0	17	0	0
1020	2	1509	425	38	10	18	11	11
1021	2	170	405	41	0	17	0	0
1022	2	557	405	41	0	17	0	0
1023	1	548	181	38	4	17	16	26
1024	2	1374	52	38	3	17	25	41
1025	2	571	220	38	3	18	42	35
1026	2	901	405	41	0	17	0	0
1027	1	480	405	41	0	17	0	0
1028	2	236	405	41	0	17	0	0
1029	1	1845	405	41	0	17	0	0
1030	2	1233	6	38	11	17	17	38
1031	1	733	405	41	0	17	0	0
1032	1	1751	405	41	0	17	0	0
1033	1	1491	405	41	0	17	0	0
1034	2	1820	405	41	0	17	0	0
1035	2	713	405	41	0	17	0	0
1036	2	1105	405	41	0	17	0	0
1037	1	1501	380	37	8	17	11	24
1038	1	863	227	37	3	17	13	19
1039	2	1454	405	41	0	17	0	0
1040	2	1445	275	38	15	18	2	24
1041	2	1572	405	41	0	17	0	0
1042	2	1565	405	41	0	17	0	0
1043	2	1672	405	41	0	17	0	0
1044	1	1790	405	41	0	17	0	0
1045	1	981	42	39	11	17	0	22
1046	1	634	275	38	8	18	46	29
1047	1	1543	405	41	0	17	0	0
1048	2	878	405	41	0	17	0	0
1049	2	525	405	41	0	17	0	0
1050	2	1593	405	41	0	17	0	0
1051	2	213	405	41	0	17	0	0
1052	2	604	405	41	0	17	0	0
1053	1	1551	405	41	0	17	0	0
1054	2	483	405	41	0	17	0	0
1055	1	1653	405	41	0	17	0	0
1056	2	1124	405	41	0	17	0	0
1057	2	1132	405	41	0	17	0	0
1058	1	824	405	41	0	17	0	0
1059	2	434	405	41	0	17	0	0
1060	1	965	182	36	6	17	25	22
1061	1	396	405	41	0	17	0	0
1062	2	1817	422	38	10	17	0	15
1063	2	700	292	37	16	18	35	42
1064	2	1721	228	38	10	17	0	33
1065	2	1774	401	38	15	17	10	45
1066	2	6	405	41	0	17	0	0
1067	1	809	405	41	0	17	0	0
1068	1	1206	405	41	0	17	0	0
1069	1	900	284	38	6	17	14	15
1070	1	1068	232	38	7	17	40	11
1071	2	1463	405	41	0	17	0	0
1072	1	1519	405	41	0	17	0	0
1073	1	140	405	41	0	17	0	0
1074	2	1716	405	41	0	17	0	0
1075	1	714	405	41	0	17	0	0
1076	1	316	246	0	11	17	12	33
1077	1	1277	405	41	0	17	0	0
1078	1	504	405	41	0	17	0	0
1079	2	1192	275	38	15	17	14	51
1080	1	702	405	41	0	17	0	0
1081	2	1806	405	41	0	17	0	0
1082	2	650	223	37	17	17	14	37
1083	2	935	405	41	0	17	0	0
1084	2	71	405	41	0	17	0	0
1085	2	774	405	41	0	17	0	0
1086	2	62	405	41	0	17	0	0
1087	2	1514	405	41	0	17	0	0
1088	2	1585	405	41	0	17	0	0
1089	1	1703	372	38	10	17	10	8
1090	1	1550	416	37	5	17	16	33
1091	1	1061	405	41	0	17	0	0
1092	1	172	405	41	0	17	0	0
1093	2	699	405	41	0	17	0	0
1094	2	40	405	41	0	17	0	0
1095	2	516	405	41	0	17	0	0
1096	2	1008	232	38	9	17	25	27
1097	2	1611	157	38	14	18	29	34
1098	2	1815	405	41	0	17	0	0
1099	2	1662	405	41	0	17	0	0
1100	2	845	391	1	16	18	0	54
1101	2	1548	405	41	0	17	0	0
1102	1	919	405	41	0	17	0	0
1103	2	180	405	41	0	17	0	0
1104	2	904	201	38	3	17	5	23
1105	2	1281	306	38	3	18	35	43
1106	2	1837	405	41	0	17	0	0
1107	1	442	176	38	7	18	28	30
1108	2	736	405	41	0	17	0	0
1109	1	635	405	41	0	17	0	0
1110	2	583	405	41	0	17	0	0
1111	2	519	405	41	0	17	0	0
1112	1	741	403	41	0	17	0	32
1113	2	585	63	37	8	17	9	59
1114	2	957	250	38	10	17	0	51
1115	2	1210	405	41	0	17	0	0
1116	1	1807	405	41	0	17	0	0
1117	1	922	405	41	0	17	0	0
1118	1	148	275	38	5	17	60	40
1119	2	751	405	41	0	17	0	0
1120	2	1308	405	41	0	17	0	0
1121	2	1739	232	38	16	17	0	15
1122	2	332	161	37	11	17	11	23
1123	1	1746	405	41	0	17	0	0
1124	2	646	20	38	15	17	11	30
1125	1	1309	405	41	0	17	0	0
1126	0	0	405	41	0	17	0	0
1127	1	1525	405	41	0	17	0	0
1128	2	1834	233	38	15	17	0	36
1129	1	1838	405	41	0	17	0	0
1130	1	41	405	41	0	17	0	0
1131	2	941	389	38	11	17	28	51
1132	1	1228	255	38	9	17	25	31
1133	1	840	405	41	0	17	0	0
1134	1	1110	405	41	0	17	0	0
1135	2	445	405	41	0	17	0	0
1136	1	729	405	41	0	17	0	0
1137	1	683	405	41	0	17	0	0
1138	2	435	402	38	15	18	0	23
1139	1	325	405	41	0	17	0	0
1140	2	1539	405	41	0	17	0	0
1141	1	456	405	41	0	17	0	0
1142	2	1303	166	0	3	17	0	18
1143	1	1123	405	41	0	17	0	0
1144	1	1205	405	41	0	17	0	0
1145	2	1803	405	41	0	17	0	0
1146	2	413	405	41	0	17	0	0
1147	2	855	167	37	3	17	53	41
1148	1	936	405	41	0	17	0	0
1149	2	1428	405	41	0	17	0	0
1150	1	324	405	41	0	17	0	0
1151	2	1529	405	41	0	17	0	0
1152	2	1458	208	38	10	17	1	19
1153	2	99	170	38	3	17	3	22
1154	2	262	405	41	0	17	0	0
1155	2	202	405	41	0	17	0	0
1156	1	1387	405	41	0	17	0	0
1157	2	1473	405	41	0	17	0	0
1158	1	1113	405	41	0	17	0	0
1159	2	114	80	38	17	18	8	42
1160	2	1057	275	38	3	17	12	36
1161	1	1678	405	41	0	17	0	0
1162	1	395	27	38	6	18	31	25
1163	1	628	69	0	6	17	14	12
1164	2	1314	405	41	0	17	0	0
1165	2	781	405	41	0	17	0	0
1166	2	1564	232	38	18	17	36	21
1167	2	623	392	38	11	18	25	61
1168	2	306	21	25	3	17	12	27
1169	2	310	137	38	16	18	16	58
1170	2	174	405	41	0	17	0	0
1171	1	735	405	41	0	17	0	0
1172	2	1142	405	41	0	17	0	0
1173	1	923	7	43	9	17	27	25
1174	2	484	234	38	11	17	21	38
1175	2	1825	405	41	0	17	0	0
1176	2	1711	405	41	0	17	0	0
1177	1	982	405	41	0	17	0	0
1178	1	1642	405	41	0	17	0	0
1179	1	1430	405	41	0	17	0	0
1180	2	745	405	41	0	17	0	0
1181	1	716	405	41	0	17	0	0
1182	2	1204	306	38	3	18	48	52
1183	2	1326	405	41	0	17	0	0
1184	2	157	405	41	0	17	0	0
1185	1	685	232	38	8	18	46	55
1186	2	1518	405	41	0	17	0	0
1187	2	1005	72	13	16	18	40	53
1188	1	553	405	41	0	17	0	0
1189	1	511	405	41	0	17	0	0
1190	2	63	405	41	0	17	0	0
1191	1	1806	142	38	9	17	0	29
1192	1	214	188	37	6	17	0	6
1193	2	956	227	37	10	17	14	10
1194	1	348	405	41	0	17	0	0
1195	1	1744	405	41	0	17	0	0
1196	2	23	405	41	0	17	0	0
1197	1	873	405	41	0	17	0	0
1198	1	73	405	41	0	17	0	0
1199	2	1345	405	41	0	17	0	0
1200	2	48	405	41	0	17	0	0
1201	2	1302	405	41	0	17	0	0
1202	2	812	405	41	0	17	0	0
1203	1	217	405	41	0	17	0	0
1204	2	1238	198	6	15	17	34	18
1205	1	1412	405	41	0	17	0	0
1206	1	967	405	41	0	17	0	0
1207	2	312	418	38	16	17	24	51
1208	2	649	405	41	0	17	0	0
1209	1	712	251	37	3	17	23	31
1210	1	458	405	41	0	17	0	0
1211	2	1639	405	41	0	17	0	0
1212	2	1581	405	41	0	17	0	0
1213	1	302	405	41	0	17	0	0
1214	1	439	405	41	0	17	0	0
1215	2	371	331	25	14	17	9	33
1216	1	91	367	37	7	17	14	43
1217	1	1334	405	41	0	17	0	0
1218	1	906	19	38	9	18	34	48
1219	1	20	405	41	0	17	0	0
1220	1	51	405	41	0	17	0	0
1221	2	620	130	38	11	17	21	23
1222	2	1042	140	14	9	0	0	36
1223	2	128	405	41	0	17	0	0
1224	2	1285	405	41	0	17	0	0
1225	2	1085	179	38	15	17	24	48
1226	1	927	405	41	0	17	0	0
1227	2	1163	405	41	0	17	0	0
1228	2	570	405	41	0	17	0	0
1229	2	877	289	5	14	18	0	49
1230	2	1216	356	38	16	17	21	35
1231	2	731	405	41	0	17	0	0
1232	2	1605	405	41	0	17	0	0
1233	1	605	424	38	6	17	18	13
1234	2	21	405	41	0	17	0	0
1235	2	728	344	38	15	17	18	38
1236	2	340	56	38	14	17	21	44
1237	1	491	266	38	5	18	53	36
1238	1	474	225	37	8	18	34	45
1239	1	1029	344	38	8	17	53	29
1240	1	608	323	38	9	18	36	67
1241	2	411	405	41	0	17	0	0
1242	1	910	405	41	0	17	0	0
1243	2	242	405	41	0	17	0	0
1244	2	154	405	41	0	17	0	0
1245	2	1103	405	41	0	17	0	0
1246	1	1177	351	38	7	17	21	30
1247	1	1752	405	41	0	17	0	0
1248	1	872	155	38	7	17	0	9
1249	1	108	405	41	0	17	0	0
1250	1	1149	405	41	0	17	0	0
1251	2	42	405	41	0	17	0	0
1252	2	896	227	37	9	17	13	40
1253	2	162	405	41	0	17	0	0
1254	2	45	405	41	0	17	0	0
1255	1	319	405	41	0	17	0	0
1256	2	1382	275	38	8	17	31	25
1257	2	1478	405	41	0	17	0	0
1258	1	546	405	41	0	17	0	0
1259	1	437	405	41	0	17	0	0
1260	1	535	382	0	6	17	0	21
1261	2	1090	405	41	0	17	0	0
1262	1	1645	405	41	0	17	0	0
1263	2	1569	405	41	0	17	0	0
1264	1	1017	232	38	7	17	27	18
1265	2	613	405	41	0	17	0	0
1266	2	93	52	38	3	18	28	32
1267	1	980	232	38	9	17	38	43
1268	1	586	405	41	0	17	0	0
1269	2	415	288	38	11	17	16	39
1270	2	314	405	41	0	17	0	0
1271	1	815	405	41	0	17	0	0
1272	2	1757	320	37	10	17	0	40
1273	2	1702	405	41	0	17	0	0
1274	2	1724	405	41	0	17	0	0
1275	2	108	405	41	0	17	0	0
1276	2	786	405	41	0	17	0	0
1277	1	50	405	41	0	17	0	0
1278	1	747	405	41	0	17	0	0
1279	2	1082	360	37	3	18	25	42
1280	1	1600	405	41	0	17	0	0
1281	2	1644	168	38	11	17	10	54
1282	1	241	181	38	4	17	28	14
1283	2	799	405	41	0	17	0	0
1284	1	651	405	41	0	17	0	0
1285	2	898	405	41	0	17	0	0
1286	2	1421	362	38	14	17	0	40
1287	1	1723	402	38	5	0	20	49
1288	2	1318	405	41	0	17	0	0
1289	1	1312	405	41	0	17	0	0
1290	2	136	405	41	0	17	0	0
1291	1	364	405	41	0	17	0	0
1292	1	612	405	41	0	17	0	0
1293	1	1560	405	41	0	17	0	0
1294	1	1696	405	41	0	17	0	0
1295	1	679	405	41	0	17	0	0
1296	2	1442	144	37	15	17	0	39
1297	2	773	85	38	3	17	0	52
1298	1	1052	254	38	6	17	12	19
1299	2	339	405	41	0	17	0	0
1300	1	497	405	41	0	17	0	0
1301	2	1606	405	41	0	17	0	0
1302	2	1283	126	38	16	18	60	47
1303	2	1567	236	38	0	17	0	37
1304	2	1479	405	41	0	17	0	0
1305	1	357	405	41	0	17	0	0
1306	1	330	405	41	0	17	0	0
1307	2	1159	405	41	0	17	0	0
1308	2	963	405	41	0	17	0	0
1309	2	476	405	41	0	17	0	0
1310	1	899	405	41	0	17	0	0
1311	1	1719	405	41	0	17	0	0
1312	2	767	405	41	0	17	0	0
1313	2	7	405	41	0	17	0	0
1314	1	64	405	41	0	17	0	0
1315	2	168	405	41	0	17	0	0
1316	1	1380	328	18	3	17	0	16
1317	1	1795	405	41	0	17	0	0
1318	2	417	405	41	0	17	0	0
1319	1	916	405	41	0	17	0	0
1320	1	998	405	41	0	17	0	0
1321	2	1524	405	41	0	17	0	0
1322	2	360	418	38	11	17	34	30
1323	1	1694	405	41	0	17	0	0
1324	1	1772	405	41	0	17	0	0
1325	2	1153	405	41	0	17	0	0
1326	1	676	418	38	11	17	31	23
1327	1	1081	435	38	5	18	24	30
1328	1	573	393	38	10	18	9	15
1329	1	173	405	41	0	17	0	0
1330	1	1435	405	41	0	17	0	0
1331	2	272	100	38	3	17	28	25
1332	1	1213	158	37	9	17	20	15
1333	2	1612	405	41	0	17	0	0
1334	2	201	405	41	0	17	0	0
1335	2	1761	405	41	0	17	0	0
1336	1	283	405	41	0	17	0	0
1337	2	1484	405	41	0	17	0	0
1338	1	1348	434	5	8	17	16	39
1339	2	132	405	41	0	17	0	0
1340	2	380	52	38	11	10	9	29
1341	1	771	405	41	0	17	0	0
1342	2	639	405	41	0	17	0	0
1343	1	1035	405	41	0	17	0	0
1344	1	851	405	41	0	17	0	0
1345	2	1683	341	38	3	17	11	40
1346	2	1364	405	41	0	17	0	0
1347	2	1808	405	41	0	17	0	0
1348	1	13	405	41	0	17	0	0
1349	2	601	275	38	9	17	58	39
1350	2	1701	405	41	0	17	0	0
1351	2	642	232	38	10	17	0	32
1352	2	265	405	41	0	17	0	0
1353	2	1293	405	41	0	17	0	0
1354	2	797	405	41	0	17	0	0
1355	1	271	405	41	0	17	0	0
1356	1	722	405	41	0	17	0	0
1357	2	881	227	37	15	18	7	20
1358	1	117	405	41	0	17	0	0
1359	2	718	405	41	0	17	0	0
1360	1	615	306	38	6	17	28	15
1361	1	971	339	38	8	17	40	45
1362	1	1464	405	41	0	17	0	0
1363	1	1174	405	41	0	17	0	0
1364	1	1242	405	41	0	17	0	0
1365	2	115	405	41	0	17	0	0
1366	2	539	232	38	16	18	14	41
1367	1	1441	405	41	0	17	0	0
1368	1	1273	191	37	3	18	7	14
1369	1	135	65	38	6	17	32	22
1370	2	190	405	41	0	17	0	0
1371	1	1648	405	41	0	17	0	0
1372	1	566	405	41	0	17	0	0
1373	2	1804	211	38	13	17	11	16
1374	2	167	405	41	0	17	0	0
1375	2	1619	405	41	0	17	0	0
1376	2	1148	405	41	0	17	0	0
1377	1	556	405	41	0	17	0	0
1378	2	1261	447	9	14	17	21	36
1379	1	892	163	5	7	18	16	28
1380	2	1778	405	41	0	17	0	0
1381	2	1109	405	41	0	17	0	0
1382	2	744	405	41	0	17	0	0
1383	3	698	405	41	0	17	0	0
1384	2	830	172	37	16	17	19	34
1385	2	1647	363	38	11	18	0	34
1386	1	204	307	38	11	18	23	27
1387	1	814	405	41	0	17	0	0
1388	2	1625	405	41	0	17	0	0
1389	1	303	300	38	7	17	12	47
1390	2	1438	405	41	0	17	0	0
1391	1	321	405	41	0	17	0	0
1392	2	273	405	41	0	17	0	0
1393	2	1735	405	41	0	17	0	0
1394	2	472	183	38	3	17	9	23
1395	1	1566	405	41	0	17	0	0
1396	1	1064	9	24	3	17	25	37
1397	1	890	232	38	10	17	9	31
1398	2	614	110	38	10	17	22	55
1399	2	1284	405	41	0	17	0	0
1400	2	1104	405	41	0	17	0	0
1401	1	521	405	41	0	17	0	0
1402	2	758	405	41	0	17	0	0
1403	1	777	405	41	0	17	0	0
1404	1	1797	405	41	0	17	0	0
1405	2	1018	316	37	14	17	12	22
1406	1	1658	405	41	0	17	0	0
1407	1	1839	58	38	3	18	28	45
1408	2	632	405	41	0	17	0	0
1409	2	1469	405	41	0	17	0	0
1410	1	1394	405	41	0	17	0	0
1411	1	352	405	41	0	17	0	0
1412	2	677	405	41	0	17	0	0
1413	1	894	405	41	0	17	0	0
1414	1	1620	405	41	0	17	0	0
1415	1	1568	385	38	3	17	9	15
1416	1	1637	405	41	0	17	0	0
1417	1	1792	405	41	0	17	0	0
1418	1	1128	405	41	0	17	0	0
1419	1	289	405	41	0	17	0	0
1420	2	47	405	41	0	17	0	0
1421	1	29	405	41	0	17	0	0
1422	2	223	148	37	14	17	11	36
1423	2	1298	405	41	0	17	0	0
1424	2	70	405	41	0	17	0	0
1425	2	80	405	41	0	17	0	0
1426	1	784	405	41	0	17	0	0
1427	2	509	405	41	0	17	0	0
1428	2	1707	85	38	14	17	0	29
1429	2	807	405	41	0	17	0	0
1430	2	804	405	41	0	17	0	0
1431	2	1245	405	41	0	17	0	0
1432	2	918	377	38	10	17	0	36
1433	2	1688	405	41	0	17	0	0
1434	2	437	305	3	16	17	16	26
1435	2	1306	352	38	11	17	34	42
1436	2	1740	405	41	0	17	0	0
1437	2	75	405	41	0	17	0	0
1438	1	1766	405	41	0	17	0	0
1439	1	581	405	41	0	17	0	0
1440	1	410	405	41	0	17	0	0
1441	1	412	161	38	7	18	36	54
1442	1	447	88	38	9	17	9	30
1443	1	852	434	5	6	18	21	19
1444	1	1776	405	41	0	17	0	0
1445	2	691	405	41	0	17	0	0
1446	2	1520	405	41	0	17	0	0
1447	1	502	405	41	0	17	0	0
1448	1	1734	405	41	0	17	0	0
1449	2	1733	405	41	0	17	0	0
1450	2	387	208	38	15	17	41	30
1451	1	1379	405	41	0	17	0	0
1452	2	1474	405	41	0	17	0	0
1453	2	1156	275	38	10	17	0	24
1454	1	1730	405	41	0	17	0	0
1455	2	776	405	41	0	17	0	0
1456	2	85	405	41	0	17	0	0
1457	2	496	405	41	0	17	0	0
1458	2	365	67	5	3	17	16	31
1459	2	1523	405	41	0	17	0	0
1460	2	1429	405	41	0	17	0	0
1461	1	169	405	41	0	17	0	0
1462	2	141	197	38	8	17	0	37
1463	1	1307	405	41	0	17	0	0
1464	2	1710	405	41	0	17	0	0
1465	2	430	405	41	0	17	0	0
1466	2	354	37	37	3	17	16	55
1467	2	230	39	38	17	18	28	49
1468	2	1651	405	41	0	17	0	0
1469	1	1179	275	38	9	17	38	55
1470	1	1692	405	41	0	17	0	0
1471	1	1361	405	41	0	17	0	0
1472	2	1625	405	41	0	17	0	0
1473	1	1633	405	41	0	17	0	0
1474	1	530	405	41	0	17	0	0
1475	2	1059	206	38	3	18	0	28
1476	2	1546	388	18	15	17	0	31
1477	1	1136	405	41	0	17	0	0
1478	1	1357	405	41	0	17	0	0
1479	2	1697	405	41	0	17	0	0
1480	2	221	314	38	11	17	25	23
1481	1	846	418	38	6	18	34	27
1482	2	1655	405	41	0	17	0	0
1483	2	1138	405	41	0	17	0	0
1484	2	44	405	41	0	17	0	0
1485	1	1443	405	41	0	17	0	0
1486	1	831	181	38	10	17	9	24
1487	2	1116	405	41	0	17	0	0
1488	2	433	382	0	16	17	23	33
1489	2	568	71	37	14	17	11	28
1490	2	1826	418	38	14	17	0	34
1491	2	1573	405	41	0	17	0	0
1492	1	1482	405	41	0	17	0	0
1493	2	317	405	41	0	17	0	0
1494	2	1344	405	41	0	17	0	0
1495	1	112	405	41	0	17	0	0
1496	2	160	94	37	3	17	0	46
1497	2	791	405	41	0	17	0	0
1498	2	783	405	41	0	17	0	0
1499	1	960	409	5	10	17	28	19
1500	1	788	405	41	0	17	0	0
1501	1	28	405	41	0	17	0	0
1502	2	119	439	38	15	17	24	33
1503	1	1679	113	38	5	17	9	58
1504	2	266	405	41	0	17	0	0
1505	2	284	405	41	0	17	0	0
1506	2	320	275	38	3	17	21	23
1507	1	820	405	41	0	17	0	0
1508	1	1127	405	41	0	17	0	0
1509	2	1440	181	38	3	17	0	26
1510	1	687	405	41	0	17	0	0
1511	2	263	405	41	0	17	0	0
1512	1	461	325	38	3	17	14	45
1513	2	336	405	41	0	17	0	0
1514	2	1133	118	17	3	17	0	72
1515	2	538	405	41	0	17	0	0
1516	2	837	114	38	14	17	13	35
1517	1	1459	405	41	0	17	0	0
1518	2	31	405	41	0	17	0	0
1519	2	1451	405	41	0	17	0	0
1520	1	1417	405	41	0	17	0	0
1521	2	246	405	41	0	17	0	0
1522	0	1296	405	41	0	17	0	0
1523	2	988	177	38	14	17	25	33
1524	1	350	232	38	2	17	0	40
1525	1	1468	107	38	4	18	42	44
1526	2	1626	405	41	0	17	0	0
1527	2	764	405	41	0	17	0	0
1528	1	1102	405	41	0	17	0	0
1529	2	87	405	41	0	17	0	0
1530	2	1693	405	41	0	17	0	0
1531	1	44	405	41	0	17	0	0
1532	1	52	405	41	0	17	0	0
1533	2	1346	405	41	0	17	0	0
1534	2	1604	349	38	3	18	18	25
1535	1	253	405	41	0	17	0	0
1536	1	832	405	41	0	17	0	0
1537	2	1517	214	38	9	17	9	21
1538	2	1355	405	41	0	17	0	0
1539	1	709	405	41	0	17	0	0
1540	2	1319	405	41	0	17	0	0
1541	1	680	405	41	0	17	0	0
1542	1	1480	405	41	0	17	0	0
1543	1	806	405	41	0	17	0	0
1544	2	720	405	41	0	17	0	0
1545	1	1670	405	41	0	17	0	0
1546	1	260	405	41	0	17	0	0
1547	2	1025	162	38	3	17	25	46
1548	1	750	405	41	0	17	0	0
1549	2	911	405	41	0	17	0	0
1550	2	1596	405	41	0	17	0	0
1551	2	44	405	41	0	17	0	0
1552	1	1282	405	41	0	17	0	0
1553	2	1516	405	41	0	17	0	0
1554	1	57	405	41	0	17	0	0
1555	2	1818	359	37	3	17	14	14
1556	1	1689	250	38	3	6	14	13
1557	2	1654	405	41	0	17	0	0
1558	2	1622	405	41	0	17	0	0
1559	2	1087	405	41	0	17	0	0
1560	2	134	405	41	0	17	0	0
1561	2	1842	405	41	0	17	0	0
1562	1	1827	405	41	0	17	0	0
1563	2	295	128	38	15	17	7	30
1564	2	355	405	41	0	17	0	0
1565	2	1508	405	41	0	17	0	0
1566	2	633	405	41	0	17	0	0
1567	2	1641	405	41	0	17	0	0
1568	1	1725	405	41	0	17	0	0
1569	1	828	405	41	0	17	0	0
1570	1	659	405	41	0	17	0	0
1571	2	1414	405	41	0	17	0	0
1572	1	964	43	38	13	17	0	29
1573	2	209	405	41	0	17	0	0
1574	2	267	405	41	0	17	0	0
1575	1	1066	405	41	0	17	0	0
1576	1	810	405	41	0	17	0	0
1577	1	1618	405	41	0	17	0	0
1578	2	882	405	41	0	17	0	0
1579	1	1243	405	41	0	17	0	0
1580	1	446	405	41	0	17	0	0
1581	1	127	405	41	0	17	0	0
1582	1	991	405	41	0	17	0	0
1583	1	335	311	37	11	17	0	14
1584	2	177	129	38	16	18	11	35
1585	1	301	405	41	0	17	0	0
1586	2	195	405	41	0	17	0	0
1587	2	879	405	41	0	17	0	0
1588	1	630	405	41	0	17	0	0
1589	2	1320	405	41	0	17	0	0
1590	2	192	405	41	0	17	0	0
1591	2	1498	120	37	8	17	22	55
1592	2	1598	405	41	0	17	0	0
1593	1	343	329	38	7	18	58	39
1594	2	1267	394	20	8	17	16	41
1595	1	1201	405	41	0	17	0	0
1596	2	1660	405	41	0	17	0	0
1597	2	657	405	41	0	17	0	0
1598	1	1687	405	41	0	17	0	0
1599	2	1481	405	41	0	17	0	0
1600	2	475	405	41	0	17	0	0
1601	1	231	405	41	0	17	0	0
1602	2	1684	53	37	11	18	0	48
1603	2	1461	405	41	0	17	0	0
1604	1	254	405	41	0	17	0	0
1605	2	762	405	41	0	17	0	0
1606	2	385	405	41	0	17	0	0
1607	1	1753	405	41	0	17	0	0
1608	2	1726	405	41	0	17	0	0
1609	2	438	405	41	0	17	0	0
1610	2	291	78	38	10	17	0	24
1611	2	1770	405	41	0	17	0	0
1612	2	848	50	38	10	17	34	46
1613	1	590	232	38	10	18	20	43
1614	2	104	405	41	0	17	0	0
1615	1	1773	405	41	0	17	0	0
1616	1	1349	33	38	2	17	3	66
1617	2	1555	405	41	0	17	0	0
1618	2	510	414	38	14	18	0	56
1619	2	178	166	5	3	17	25	55
1620	2	1137	405	41	0	17	0	0
1621	1	1487	405	41	0	17	0	0
1622	2	1681	405	41	0	17	0	0
1623	1	656	405	41	0	17	0	0
1624	0	0	405	41	0	17	0	0
1625	2	1135	405	41	0	17	0	0
1626	2	125	122	37	15	17	9	40
1627	0	0	405	41	0	17	0	0
1628	2	401	56	38	7	18	11	54
1629	1	210	49	38	6	17	7	26
1630	1	1704	405	41	0	17	0	0
1631	2	1743	405	41	0	17	0	0
1632	1	1512	405	41	0	17	0	0
1633	2	697	405	41	0	17	0	0
1634	1	358	297	28	9	17	28	21
1635	2	1530	405	41	0	17	0	0
1636	2	1732	405	41	0	17	0	0
1637	2	276	77	38	14	17	12	32
1638	2	444	405	41	0	17	0	0
1639	1	801	405	41	0	17	0	0
1640	2	1139	405	41	0	17	0	0
1641	2	1840	405	41	0	17	0	0
1642	1	986	405	41	0	17	0	0
1643	2	1793	405	41	0	17	0	0
1644	2	1337	405	41	0	17	0	0
1645	2	1444	405	41	0	17	0	0
1646	2	1477	405	41	0	17	0	0
1647	2	1621	405	41	0	17	0	0
1648	2	1483	405	41	0	17	0	0
1649	2	43	405	41	0	17	0	0
1650	2	4	405	41	0	17	0	0
1651	2	1592	405	41	0	17	0	0
1652	1	1335	405	41	0	17	0	0
1653	1	876	405	41	0	17	0	0
1654	2	1111	405	41	0	17	0	0
1655	2	142	405	41	0	17	0	0
1656	2	694	231	38	11	17	7	13
1657	1	226	130	38	10	18	43	40
1658	1	181	405	41	0	17	0	0
1659	2	669	16	38	15	0	34	70
1660	1	1710	405	41	0	17	0	0
1661	2	1713	405	41	0	17	0	0
1662	2	695	275	38	3	17	12	37
1663	2	1833	405	41	0	17	0	0
1664	2	1706	405	41	0	17	0	0
1665	2	1614	405	41	0	17	0	0
1666	2	780	405	41	0	17	0	0
1667	2	628	405	41	0	17	0	0
1668	2	1474	405	41	0	17	0	0
1669	2	1768	419	38	14	18	25	40
1670	1	349	405	41	0	17	0	0
1671	2	978	299	38	14	18	11	45
1672	2	1846	405	41	0	17	0	0
1673	1	1708	405	41	0	17	0	0
1674	2	384	290	38	6	17	34	27
1675	1	997	414	38	4	17	26	22
1676	2	463	232	38	14	17	31	25
1677	1	678	275	38	6	17	25	24
1678	2	367	405	41	0	17	0	0
1679	2	492	405	41	0	17	0	0
1680	1	1437	405	41	0	17	0	0
1681	2	811	405	41	0	17	0	0
1682	1	1828	405	41	0	17	0	0
1683	2	1650	334	38	15	17	21	24
1684	2	435	217	37	16	17	7	30
1685	1	619	405	41	0	17	0	0
1686	2	1125	405	41	0	17	0	0
1687	1	1446	405	41	0	17	0	0
1688	2	1809	405	41	0	17	0	0
1689	2	1311	405	41	0	17	0	0
1690	2	1352	405	41	0	17	0	0
1691	2	726	405	41	0	17	0	0
1692	1	503	405	41	0	17	0	0
1693	2	203	405	41	0	17	0	0
1694	1	569	405	41	0	17	0	0
1695	2	543	405	41	0	17	0	0
1696	1	467	275	38	7	18	35	36
1697	1	95	405	41	0	17	0	0
1698	2	790	405	41	0	17	0	0
1699	2	690	405	41	0	17	0	0
1700	2	1712	405	41	0	17	0	0
1701	2	363	287	38	15	17	25	31
1702	2	1742	405	41	0	17	0	0
1703	2	1702	405	41	0	17	0	0
1704	2	215	405	41	0	17	0	0
1705	1	1027	405	41	0	17	0	0
1706	1	295	405	41	0	17	0	0
1707	1	1755	405	41	0	17	0	0
1708	2	1108	405	41	0	17	0	0
1709	1	1340	405	41	0	17	0	0
1710	1	732	405	41	0	17	0	0
1711	1	1547	405	41	0	17	0	0
1712	2	85	405	41	0	17	0	0
1713	2	1594	405	41	0	17	0	0
1714	2	1453	405	41	0	17	0	0
1715	1	489	405	41	0	17	0	0
1716	1	30	405	41	0	17	0	0
1717	2	1299	405	41	0	17	0	0
1718	1	808	405	41	0	17	0	0
1719	1	1489	405	41	0	17	0	0
1720	2	32	405	41	0	17	0	0
1721	1	673	127	37	9	17	11	36
1722	2	1690	405	41	0	17	0	0
1723	2	1714	4	0	3	17	11	39
1724	2	1814	417	37	11	17	0	55
1725	1	1073	405	41	0	17	0	0
1726	1	130	405	41	0	17	0	0
1727	1	1041	405	41	0	17	0	0
1728	2	83	405	41	0	17	0	0
1729	2	1093	405	41	0	17	0	0
1730	2	1819	405	41	0	17	0	0
1731	2	1633	405	41	0	17	0	0
1732	2	1120	405	41	0	17	0	0
1733	1	602	286	38	9	17	25	29
1734	2	408	159	37	15	17	0	26
1735	2	290	85	38	16	17	0	44
1736	2	390	275	38	16	17	14	31
1737	2	1577	405	41	0	17	0	0
1738	1	1222	405	41	0	17	0	0
1739	1	271	405	41	0	17	0	0
1740	1	220	405	41	0	17	0	0
1741	2	839	251	37	10	17	10	32
1742	2	785	405	41	0	17	0	0
1743	1	1457	405	41	0	17	0	0
1744	2	248	350	38	15	17	12	19
1745	2	1822	405	41	0	17	0	0
1746	1	1024	398	5	5	18	5	14
1747	2	219	405	41	0	17	0	0
1748	2	183	405	41	0	17	0	0
1749	2	1295	405	41	0	17	0	0
1750	2	409	405	41	0	17	0	0
1751	2	520	315	37	14	17	12	19
1752	2	1791	84	37	9	17	31	61
1753	1	1583	177	38	3	18	0	56
1754	2	333	113	38	3	17	3	40
1755	2	35	405	41	0	17	0	0
1756	1	925	433	38	4	18	25	38
1757	1	1720	405	41	0	17	0	0
1758	2	1264	18	38	14	18	36	58
1759	1	122	405	41	0	17	0	0
1760	1	1624	85	38	0	18	0	41
1761	1	121	327	19	8	17	5	26
1762	2	0	405	41	0	17	0	0
1763	2	12	405	41	0	17	0	0
1764	1	1623	405	41	0	17	0	0
1765	1	1467	405	41	0	17	0	0
1766	1	1356	405	41	0	17	0	0
1767	2	1848	55	24	15	17	23	57
1768	1	81	405	41	0	17	0	0
1769	2	1789	405	41	0	17	0	0
1770	2	54	405	41	0	17	0	0
1771	1	1062	380	37	10	17	11	32
1772	2	1112	405	41	0	17	0	0
1773	2	402	405	41	0	17	0	0
1774	1	645	52	38	7	17	25	21
1775	2	106	405	41	0	17	0	0
1776	2	1449	405	41	0	17	0	0
1777	2	0	405	41	0	17	0	0
1778	1	707	295	38	4	17	22	12
1779	1	1226	405	41	0	17	0	0
1780	2	377	12	38	3	18	14	45
1781	2	813	405	41	0	17	0	0
1782	2	1343	392	38	3	17	0	67
1783	2	1037	232	38	8	17	12	13
1784	1	672	275	38	6	3	11	44
1785	1	513	177	38	9	17	15	22
1786	2	113	405	41	0	17	0	0
1787	2	222	156	38	10	17	34	9
1788	1	207	177	38	8	18	57	39
1789	1	1339	405	41	0	17	0	0
1790	2	743	405	41	0	17	0	0
1791	1	854	405	41	0	17	0	0
1792	2	78	405	41	0	17	0	0
1793	1	647	405	41	0	17	0	0
1794	2	1434	405	41	0	17	0	0
1795	2	1150	405	41	0	17	0	0
1796	2	1615	405	41	0	17	0	0
1797	0	44	405	41	0	17	0	0
1798	2	1805	405	41	0	17	0	0
1799	2	1294	405	41	0	17	0	0
1800	2	641	344	38	5	17	0	38
1801	1	565	405	41	0	17	0	0
1802	1	1771	405	41	0	17	0	0
1803	1	1531	405	41	0	17	0	0
1804	1	33	405	41	0	17	0	0
1805	1	1695	405	41	0	17	0	0
1806	1	1554	229	38	6	17	4	19
1807	2	1835	405	41	0	17	0	0
1808	2	770	405	41	0	17	0	0
1809	2	280	317	38	16	17	0	24
1810	1	1436	405	41	0	17	0	0
1811	2	443	405	41	0	17	0	0
1812	2	239	20	38	10	18	16	37
1813	2	1682	232	38	3	17	14	38
1814	1	563	248	38	9	17	36	45
1815	1	229	56	38	4	17	12	31
1816	2	1360	405	41	0	17	0	0
1817	2	1590	441	20	3	17	16	28
1818	1	17	405	41	0	17	0	0
1819	2	68	405	41	0	17	0	0
1820	1	818	405	41	0	17	0	0
1821	2	1157	405	41	0	17	0	0
1822	2	1811	145	38	3	17	25	31
1823	2	1777	405	41	0	17	0	0
1824	1	708	405	41	0	17	0	0
1825	1	247	405	41	0	17	0	0
1826	1	238	405	41	0	17	0	0
1827	2	1552	405	41	0	17	0	0
1828	2	533	319	38	3	18	44	37
1829	2	958	3	38	14	17	36	28
1830	2	792	443	38	9	17	10	39
1831	1	1452	405	41	0	17	0	0
1832	2	98	399	38	11	17	4	9
1833	2	1316	405	41	0	17	0	0
1834	2	1532	405	41	0	17	0	0
1835	2	549	405	41	0	17	0	0
1836	1	1557	405	41	0	17	0	0
1837	1	471	440	38	10	2	10	26
1838	1	1580	405	41	0	17	0	0
1839	2	1373	48	37	9	17	16	59
1840	2	286	405	41	0	17	0	0
1841	2	1533	405	41	0	17	0	0
1842	2	67	405	41	0	17	0	0
1843	2	44	405	41	0	17	0	0
1844	2	1060	335	5	17	17	38	66
1845	1	1591	400	19	8	17	0	37
1846	2	1456	405	41	0	17	0	0
1847	1	191	232	38	5	0	18	30
1848	2	560	405	41	0	17	0	0
1849	2	153	405	41	0	17	0	0
1850	1	1009	405	41	0	17	0	0
1851	1	171	405	41	0	17	0	0
1852	1	249	405	41	0	17	0	0
1853	2	724	215	0	3	17	34	32
1854	1	1448	405	41	0	17	0	0
1855	2	238	405	41	0	17	0	0
1856	1	228	405	41	0	17	0	0
1857	2	296	111	38	16	17	11	22
1858	2	22	405	41	0	17	0	0
1859	2	1331	405	41	0	17	0	0
1860	2	340	227	37	14	17	11	19
1861	2	420	405	41	0	17	0	0
1862	1	131	405	41	0	17	0	0
1863	2	1152	405	41	0	17	0	0
1864	1	1092	405	41	0	17	0	0
1865	2	79	405	41	0	17	0	0
1866	2	861	38	38	3	17	12	44
1867	1	1747	405	41	0	17	0	0
1868	1	1026	322	38	5	17	15	26
1869	2	341	405	41	0	17	0	0
1870	1	1450	286	38	6	17	0	57
1871	2	703	273	38	14	17	34	37
1872	1	205	405	41	0	17	0	0
1873	1	279	405	41	0	17	0	0
1874	2	375	405	41	0	17	0	0
1875	2	754	405	41	0	17	0	0
1876	1	1534	405	41	0	17	0	0
1877	2	671	212	38	18	18	23	49
1878	1	865	405	41	0	17	0	0
1879	1	631	405	41	0	17	0	0
1880	1	1728	405	41	0	17	0	0
1881	2	768	405	41	0	17	0	0
1882	2	778	405	41	0	17	0	0
1883	2	1542	405	41	0	17	0	0
1884	1	1151	224	38	6	17	7	33
1885	2	1423	405	41	0	17	0	0
1886	1	1527	405	41	0	17	0	0
1887	2	105	216	38	16	18	16	73
1888	1	1341	405	41	0	17	0	0
1889	1	1363	405	41	0	17	0	0
1890	1	1362	405	41	0	17	0	0
1891	2	313	405	41	0	17	0	0
1892	2	1652	405	41	0	17	0	0
1893	1	243	405	41	0	17	0	0
1894	1	265	418	38	8	18	44	56
1895	1	834	405	41	0	17	0	0
1896	1	989	405	41	0	17	0	0
1897	2	844	405	41	0	17	0	0
1898	1	1812	405	41	0	17	0	0
1899	1	1393	405	41	0	17	0	0
1900	2	1155	405	41	0	17	0	0
1901	2	782	405	41	0	17	0	0
1902	1	1685	405	41	0	17	0	0
1903	2	580	418	38	14	17	31	40
1904	1	294	405	41	0	17	0	0
1905	2	1780	142	38	14	17	14	29
1906	1	150	405	41	0	17	0	0
1907	2	1288	405	41	0	17	0	0
1908	1	139	431	38	7	18	0	59
1909	2	194	24	37	11	17	0	37
1910	1	1589	405	41	0	17	0	0
1911	2	1587	405	41	0	17	0	0
1912	2	391	405	41	0	17	0	0
1913	2	1338	405	41	0	17	0	0
1914	1	124	405	41	0	17	0	0
1915	2	1465	405	41	0	17	0	0
1916	2	1036	212	38	17	17	7	31
1917	1	1841	405	41	0	17	0	0
1918	2	490	405	41	0	17	0	0
1919	1	1091	405	41	0	17	0	0
1920	1	351	405	41	0	17	0	0
1921	2	1455	405	41	0	17	0	0
1922	2	1106	405	41	0	17	0	0
1923	1	1158	405	41	0	17	0	0
1924	2	1775	405	41	0	17	0	0
1925	1	596	405	41	0	17	0	0
1926	1	1424	405	41	0	17	0	0
1927	2	436	405	41	0	17	0	0
1928	2	1559	405	41	0	17	0	0
1929	1	292	405	41	0	17	0	0
1930	1	427	405	41	0	17	0	0
1931	1	66	405	41	0	17	0	0
1932	2	627	405	41	0	17	0	0
1933	2	737	405	41	0	17	0	0
1934	1	1514	405	41	0	17	0	0
1935	2	1816	405	41	0	17	0	0
1936	2	347	283	38	7	18	12	40
1937	1	800	405	41	0	17	0	0
1938	2	34	405	41	0	17	0	0
1939	2	640	405	41	0	17	0	0
1940	1	96	286	38	10	17	14	22
1941	2	250	232	38	3	17	9	14
